{
  "wb_red_gain": 1.1379310224342576,
  "wb_green_gain": 1.0,
  "wb_blue_gain": 0.6787097124803658,
  "black_level": 64,
  "gamma": 1.7393257484596742,
  "contrast": 1.3052333344228966,
  "saturation": 0.7308637631167648,
  "sharpening": 0.0,
  "calibration_info": {
    "method": "auto",
    "residual_error": 0.10524138808250427,
    "raw_mean": [
      0.23282338678836823,
      0.24169640243053436,
      0.2978280484676361
    ],
    "processed_mean": [
      0.4476824402809143,
      0.4304756224155426,
      0.4224419593811035
    ]
  }
}